{"accounts":[{"address":"hxb6b5791be0b5ef67063b3c10b840fb81514db2fd","balance":"0x2961fff8ca4a62327800000","name":"god"},{"address":"hx1000000000000000000000000000000000000000","balance":"0x0","name":"treasury"},{"address":"cx0000000000000000000000000000000000000001","name":"governance","score":{"contentId":"hash:95376dc418c7db9e42bb9d9440bb45c6622514ea89815c70ebd2e3f9a943202d","contentType":"application/zip","owner":"hx1000000000000000000000000000000000000000","params":{"name":"Governance","value":"40"}}}],"chain":{"auditEnabled":false,"deployerWhiteListEnabled":false,"validatorList":["hxb6b5791be0b5ef67063b3c10b840fb81514db2fd"]},"message":"test genesis for genesisStorage"}