{"accounts":[{"address":"hxb6b5791be0b5ef67063b3c10b840fb81514db2fd","balance":"0x2961fff8ca4a62327800000","name":"god"},{"address":"hx1000000000000000000000000000000000000000","balance":"0x0","name":"treasury"},{"address":"cx0000000000000000000000000000000000000001","name":"governance","score":{"contentId":"hash:0xaa58eb5885215cabda5f546ef4f4b5dc9c8b820865c7bb7915e9dc45b1ee22f7","contentType":"application/zip","owner":"hx1000000000000000000000000000000000000000","params":{"name":"Governance","value":"50"}}}],"chain":{"auditEnabled":false,"deployerWhiteListEnabled":false,"validatorList":["hxb6b5791be0b5ef67063b3c10b840fb81514db2fd"]},"message":"test genesis for genesisStorage"}